Year,Repeats
0,"LN, CN, NN, NG, NE, CG, CE, LG, LE"
1,LN
2,"LN, CN"
3,"LN, NN"
4,"LN, CN"
5,"LN, NG"
6,"LN, CN, NN"
7,"LN, NE"
8,"LN, CN"
9,"LN, NN"
10,"LN, CN, NG"
11,"LN, CG"
12,"LN, CN, NN"
13,"LN, CE"
14,"LN, CN, NE"
15,"LN, NN, NG"
16,"LN, CN"
17,"LN, LG"
18,"LN, CN, NN"
19,"LN, LE"
20,"LN, CN, NG"
21,"LN, NN, NE"
22,"LN, CN, CG"
23,LN
24,"LN, CN, NN"
25,"LN, NG"
26,"LN, CN, CE"
27,"LN, NN"
28,"LN, CN, NE"
29,LN
30,"LN, CN, NN, NG"
31,LN
32,"LN, CN"
33,"LN, NN, CG"
34,"LN, CN, LG"
35,"LN, NG, NE"
36,"LN, CN, NN"
37,LN
38,"LN, CN, LE"
39,"LN, NN, CE"
40,"LN, CN, NG"
41,LN
42,"LN, CN, NN, NE"
43,LN
44,"LN, CN, CG"
45,"LN, NN, NG"
46,"LN, CN"
47,LN
48,"LN, CN, NN"
49,"LN, NE"
50,"LN, CN, NG"
51,"LN, NN, LG"
52,"LN, CN, CE"
53,LN
54,"LN, CN, NN"
55,"LN, NG, CG"
56,"LN, CN, NE"
57,"LN, NN, LE"
58,"LN, CN"
59,LN
60,"LN, CN, NN, NG"
61,LN
62,"LN, CN"
63,"LN, NN, NE"
64,"LN, CN"
65,"LN, NG, CE"
66,"LN, CN, NN, CG"
67,LN
68,"LN, CN, LG"
69,"LN, NN"
70,"LN, CN, NG, NE"
71,LN
72,"LN, CN, NN"
73,LN
74,"LN, CN"
75,"LN, NN, NG"
76,"LN, CN, LE"
77,"LN, NE, CG"
78,"LN, CN, NN, CE"
79,LN
80,"LN, CN, NG"
81,"LN, NN"
82,"LN, CN"
83,LN
84,"LN, CN, NN, NE"
85,"LN, NG, LG"
86,"LN, CN"
87,"LN, NN"
88,"LN, CN, CG"
89,LN
90,"LN, CN, NN, NG"
91,"LN, NE, CE"
92,"LN, CN"
93,"LN, NN"
94,"LN, CN"
95,"LN, NG, LE"
96,"LN, CN, NN"
97,LN
98,"LN, CN, NE"
99,"LN, NN, CG"
100,"LN, CN, NG"
101,LN
102,"LN, CN, NN, LG"
103,LN
104,"LN, CN, CE"
105,"LN, NN, NG, NE"
106,"LN, CN"
107,LN
108,"LN, CN, NN"
109,LN
110,"LN, CN, NG, CG"
111,"LN, NN"
112,"LN, CN, NE"
113,LN
114,"LN, CN, NN, LE"
115,"LN, NG"
116,"LN, CN"
117,"LN, NN, CE"
118,"LN, CN"
119,"LN, NE, LG"
120,"LN, CN, NN, NG"
121,"LN, CG"
122,"LN, CN"
123,"LN, NN"
124,"LN, CN"
125,"LN, NG"
126,"LN, CN, NN, NE"
127,LN
128,"LN, CN"
129,"LN, NN"
130,"LN, CN, NG, CE"
131,LN
132,"LN, CN, NN, CG"
133,"LN, NE, LE"
134,"LN, CN"
135,"LN, NN, NG"
136,"LN, CN, LG"
137,LN
138,"LN, CN, NN"
139,LN
140,"LN, CN, NG, NE"
141,"LN, NN"
142,"LN, CN"
143,"LN, CG, CE"
144,"LN, CN, NN"
145,"LN, NG"
146,"LN, CN"
147,"LN, NN, NE"
148,"LN, CN"
149,LN
150,"LN, CN, NN, NG"
151,LN
152,"LN, CN, LE"
153,"LN, NN, LG"
154,"LN, CN, NE, CG"
155,"LN, NG"
156,"LN, CN, NN, CE"
157,LN
158,"LN, CN"
159,"LN, NN"
160,"LN, CN, NG"
161,"LN, NE"
162,"LN, CN, NN"
163,LN
164,"LN, CN"
165,"LN, NN, NG, CG"
166,"LN, CN"
167,LN
168,"LN, CN, NN, NE"
169,"LN, CE"
170,"LN, CN, NG, LG"
171,"LN, NN, LE"
172,"LN, CN"
173,LN
174,"LN, CN, NN"
175,"LN, NG, NE"
176,"LN, CN, CG"
177,"LN, NN"
178,"LN, CN"
179,LN
180,"LN, CN, NN, NG"
181,LN
182,"LN, CN, NE, CE"
183,"LN, NN"
184,"LN, CN"
185,"LN, NG"
186,"LN, CN, NN"
187,"LN, CG, LG"
188,"LN, CN"
189,"LN, NN, NE"
190,"LN, CN, NG, LE"
191,LN
192,"LN, CN, NN"
193,LN
194,"LN, CN"
195,"LN, NN, NG, CE"
196,"LN, CN, NE"
197,LN
198,"LN, CN, NN, CG"
199,LN
200,"LN, CN, NG"
201,"LN, NN"
202,"LN, CN"
203,"LN, NE"
204,"LN, CN, NN, LG"
205,"LN, NG"
206,"LN, CN"
207,"LN, NN"
208,"LN, CN, CE"
209,"LN, CG, LE"
210,"LN, CN, NN, NG, NE"
211,LN
212,"LN, CN"
213,"LN, NN"
214,"LN, CN"
215,"LN, NG"
216,"LN, CN, NN"
217,"LN, NE"
218,"LN, CN"
219,"LN, NN"
220,"LN, CN, NG, CG"
221,"LN, CE, LG"
222,"LN, CN, NN"
223,LN
224,"LN, CN, NE"
225,"LN, NN, NG"
226,"LN, CN"
227,LN
228,"LN, CN, NN, LE"
229,LN
230,"LN, CN, NG"
231,"LN, NN, NE, CG"
232,"LN, CN"
233,LN
234,"LN, CN, NN, CE"
235,"LN, NG"
236,"LN, CN"
237,"LN, NN"
238,"LN, CN, NE, LG"
239,LN
240,"LN, CN, NN, NG"
241,LN
242,"LN, CN, CG"
243,"LN, NN"
244,"LN, CN"
245,"LN, NG, NE"
246,"LN, CN, NN"
247,"LN, CE, LE"
248,"LN, CN"
249,"LN, NN"
250,"LN, CN, NG"
251,LN
252,"LN, CN, NN, NE"
253,"LN, CG"
254,"LN, CN"
255,"LN, NN, NG, LG"
256,"LN, CN"
257,LN
258,"LN, CN, NN"
259,"LN, NE"
260,"LN, CN, NG, CE"
261,"LN, NN"
262,"LN, CN"
263,LN
264,"LN, CN, NN, CG"
265,"LN, NG"
266,"LN, CN, NE, LE"
267,"LN, NN"
268,"LN, CN"
269,LN
270,"LN, CN, NN, NG"
271,LN
272,"LN, CN, LG"
273,"LN, NN, NE, CE"
274,"LN, CN"
275,"LN, NG, CG"
276,"LN, CN, NN"
277,LN
278,"LN, CN"
279,"LN, NN"
280,"LN, CN, NG, NE"
281,LN
282,"LN, CN, NN"
283,LN
284,"LN, CN"
285,"LN, NN, NG, LE"
286,"LN, CN, CG, CE"
287,"LN, NE"
288,"LN, CN, NN"
289,"LN, LG"
290,"LN, CN, NG"
291,"LN, NN"
292,"LN, CN"
293,LN
294,"LN, CN, NN, NE"
295,"LN, NG"
296,"LN, CN"
297,"LN, NN, CG"
298,"LN, CN"
299,"LN, CE"
300,"LN, CN, NN, NG"
301,"LN, NE"
302,"LN, CN"
303,"LN, NN"
304,"LN, CN, LE"
305,"LN, NG"
306,"LN, CN, NN, LG"
307,LN
308,"LN, CN, NE, CG"
309,"LN, NN"
310,"LN, CN, NG"
311,LN
312,"LN, CN, NN, CE"
313,LN
314,"LN, CN"
315,"LN, NN, NG, NE"
316,"LN, CN"
317,LN
318,"LN, CN, NN"
319,"LN, CG"
320,"LN, CN, NG"
321,"LN, NN"
322,"LN, CN, NE"
323,"LN, LG, LE"
324,"LN, CN, NN"
325,"LN, NG, CE"
326,"LN, CN"
327,"LN, NN"
328,"LN, CN"
329,"LN, NE"
330,"LN, CN, NN, NG, CG"
331,LN
332,"LN, CN"
333,"LN, NN"
334,"LN, CN"
335,"LN, NG"
336,"LN, CN, NN, NE"
337,LN
338,"LN, CN, CE"
339,"LN, NN"
340,"LN, CN, NG, LG"
341,"LN, CG"
342,"LN, CN, NN, LE"
343,"LN, NE"
344,"LN, CN"
345,"LN, NN, NG"
346,"LN, CN"
347,LN
348,"LN, CN, NN"
349,LN
350,"LN, CN, NG, NE"
351,"LN, NN, CE"
352,"LN, CN, CG"
353,LN
354,"LN, CN, NN"
355,"LN, NG"
356,"LN, CN"
357,"LN, NN, NE, LG"
358,"LN, CN"
359,LN
360,"LN, CN, NN, NG"
361,"LN, LE"
362,"LN, CN"
363,"LN, NN, CG"
364,"LN, CN, NE, CE"
365,"LN, NG"
366,"LN, CN, NN"
367,LN
368,"LN, CN"
369,"LN, NN"
370,"LN, CN, NG"
371,"LN, NE"
372,"LN, CN, NN"
373,LN
374,"LN, CN, CG, LG"
375,"LN, NN, NG"
376,"LN, CN"
377,"LN, CE"
378,"LN, CN, NN, NE"
379,LN
380,"LN, CN, NG, LE"
381,"LN, NN"
382,"LN, CN"
383,LN
384,"LN, CN, NN"
385,"LN, NG, NE, CG"
386,"LN, CN"
387,"LN, NN"
388,"LN, CN"
389,LN
390,"LN, CN, NN, NG, CE"
391,"LN, LG"
392,"LN, CN, NE"
393,"LN, NN"
394,"LN, CN"
395,"LN, NG"
396,"LN, CN, NN, CG"
397,LN
398,"LN, CN"
399,"LN, NN, NE, LE"
400,"LN, CN, NG"
401,LN
402,"LN, CN, NN"
403,"LN, CE"
404,"LN, CN"
405,"LN, NN, NG"
406,"LN, CN, NE"
407,"LN, CG"
408,"LN, CN, NN, LG"
409,LN
410,"LN, CN, NG"
411,"LN, NN"
412,"LN, CN"
413,"LN, NE"
414,"LN, CN, NN"
415,"LN, NG"
416,"LN, CN, CE"
417,"LN, NN"
418,"LN, CN, CG, LE"
419,LN
420,"LN, CN, NN, NG, NE"
421,LN
422,"LN, CN"
423,"LN, NN"
424,"LN, CN"
425,"LN, NG, LG"
426,"LN, CN, NN"
427,"LN, NE"
428,"LN, CN"
429,"LN, NN, CG, CE"
430,"LN, CN, NG"
431,LN
432,"LN, CN, NN"
433,LN
434,"LN, CN, NE"
435,"LN, NN, NG"
436,"LN, CN"
437,"LN, LE"
438,"LN, CN, NN"
439,LN
440,"LN, CN, NG, CG"
441,"LN, NN, NE"
442,"LN, CN, CE, LG"
443,LN
444,"LN, CN, NN"
445,"LN, NG"
446,"LN, CN"
447,"LN, NN"
448,"LN, CN, NE"
449,LN
450,"LN, CN, NN, NG"
451,"LN, CG"
452,"LN, CN"
453,"LN, NN"
454,"LN, CN"
455,"LN, NG, NE, CE"
456,"LN, CN, NN, LE"
457,LN
458,"LN, CN"
459,"LN, NN, LG"
460,"LN, CN, NG"
461,LN
462,"LN, CN, NN, NE, CG"
463,LN
464,"LN, CN"
465,"LN, NN, NG"
466,"LN, CN"
467,LN
468,"LN, CN, NN, CE"
469,"LN, NE"
470,"LN, CN, NG"
471,"LN, NN"
472,"LN, CN"
473,"LN, CG"
474,"LN, CN, NN"
475,"LN, NG, LE"
476,"LN, CN, NE, LG"
477,"LN, NN"
478,"LN, CN"
479,LN
480,"LN, CN, NN, NG"
481,"LN, CE"
482,"LN, CN"
483,"LN, NN, NE"
484,"LN, CN, CG"
485,"LN, NG"
486,"LN, CN, NN"
487,LN
488,"LN, CN"
489,"LN, NN"
490,"LN, CN, NG, NE"
491,LN
492,"LN, CN, NN"
493,"LN, LG"
494,"LN, CN, CE, LE"
495,"LN, NN, NG, CG"
496,"LN, CN"
497,"LN, NE"
498,"LN, CN, NN"
499,LN
500,"LN, CN, NG"
501,"LN, NN"
502,"LN, CN"
503,LN
504,"LN, CN, NN, NE"
505,"LN, NG"
506,"LN, CN, CG"
507,"LN, NN, CE"
508,"LN, CN"
509,LN
510,"LN, CN, NN, NG, LG"
511,"LN, NE"
512,"LN, CN"
513,"LN, NN, LE"
514,"LN, CN"
515,"LN, NG"
516,"LN, CN, NN"
517,"LN, CG"
518,"LN, CN, NE"
519,"LN, NN"
520,"LN, CN, NG, CE"
521,LN
522,"LN, CN, NN"
523,LN
524,"LN, CN"
525,"LN, NN, NG, NE"
526,"LN, CN"
527,"LN, LG"
528,"LN, CN, NN, CG"
529,LN
530,"LN, CN, NG"
531,"LN, NN"
532,"LN, CN, NE, LE"
533,"LN, CE"
534,"LN, CN, NN"
535,"LN, NG"
536,"LN, CN"
537,"LN, NN"
538,"LN, CN"
539,"LN, NE, CG"
540,"LN, CN, NN, NG"
541,LN
542,"LN, CN"
543,"LN, NN"
544,"LN, CN, LG"
545,"LN, NG"
546,"LN, CN, NN, NE, CE"
547,LN
548,"LN, CN"
549,"LN, NN"
550,"LN, CN, NG, CG"
551,"LN, LE"
552,"LN, CN, NN"
553,"LN, NE"
554,"LN, CN"
555,"LN, NN, NG"
556,"LN, CN"
557,LN
558,"LN, CN, NN"
559,"LN, CE"
560,"LN, CN, NG, NE"
561,"LN, NN, CG, LG"
562,"LN, CN"
563,LN
564,"LN, CN, NN"
565,"LN, NG"
566,"LN, CN"
567,"LN, NN, NE"
568,"LN, CN"
569,LN
570,"LN, CN, NN, NG, LE"
571,LN
572,"LN, CN, CG, CE"
573,"LN, NN"
574,"LN, CN, NE"
575,"LN, NG"
576,"LN, CN, NN"
577,LN
578,"LN, CN, LG"
579,"LN, NN"
580,"LN, CN, NG"
581,"LN, NE"
582,"LN, CN, NN"
583,"LN, CG"
584,"LN, CN"
585,"LN, NN, NG, CE"
586,"LN, CN"
587,LN
588,"LN, CN, NN, NE"
589,"LN, LE"
590,"LN, CN, NG"
591,"LN, NN"
592,"LN, CN"
593,LN
594,"LN, CN, NN, CG"
595,"LN, NG, NE, LG"
596,"LN, CN"
597,"LN, NN"
598,"LN, CN, CE"
599,LN
600,"LN, CN, NN, NG"
601,LN
602,"LN, CN, NE"
603,"LN, NN"
604,"LN, CN"
605,"LN, NG, CG"
606,"LN, CN, NN"
607,LN
608,"LN, CN, LE"
609,"LN, NN, NE"
610,"LN, CN, NG"
611,"LN, CE"
612,"LN, CN, NN, LG"
613,LN
614,"LN, CN"
615,"LN, NN, NG"
616,"LN, CN, NE, CG"
617,LN
618,"LN, CN, NN"
619,LN
620,"LN, CN, NG"
621,"LN, NN"
622,"LN, CN"
623,"LN, NE"
624,"LN, CN, NN, CE"
625,"LN, NG"
626,"LN, CN"
627,"LN, NN, CG, LE"
628,"LN, CN"
629,"LN, LG"
630,"LN, CN, NN, NG, NE"
631,LN
632,"LN, CN"
633,"LN, NN"
634,"LN, CN"
635,"LN, NG"
636,"LN, CN, NN"
637,"LN, NE, CE"
638,"LN, CN, CG"
639,"LN, NN"
640,"LN, CN, NG"
641,LN
642,"LN, CN, NN"
643,LN
644,"LN, CN, NE"
645,"LN, NN, NG"
646,"LN, CN, LG, LE"
647,LN
648,"LN, CN, NN"
649,"LN, CG"
650,"LN, CN, NG, CE"
651,"LN, NN, NE"
652,"LN, CN"
653,LN
654,"LN, CN, NN"
655,"LN, NG"
656,"LN, CN"
657,"LN, NN"
658,"LN, CN, NE"
659,LN
660,"LN, CN, NN, NG, CG"
661,LN
662,"LN, CN"
663,"LN, NN, CE, LG"
664,"LN, CN"
665,"LN, NG, NE, LE"
666,"LN, CN, NN"
667,LN
668,"LN, CN"
669,"LN, NN"
670,"LN, CN, NG"
671,"LN, CG"
672,"LN, CN, NN, NE"
673,LN
674,"LN, CN"
675,"LN, NN, NG"
676,"LN, CN, CE"
677,LN
678,"LN, CN, NN"
679,"LN, NE"
680,"LN, CN, NG, LG"
681,"LN, NN"
682,"LN, CN, CG"
683,LN
684,"LN, CN, NN, LE"
685,"LN, NG"
686,"LN, CN, NE"
687,"LN, NN"
688,"LN, CN"
689,"LN, CE"
690,"LN, CN, NN, NG"
691,LN
692,"LN, CN"
693,"LN, NN, NE, CG"
694,"LN, CN"
695,"LN, NG"
696,"LN, CN, NN"
697,"LN, LG"
698,"LN, CN"
699,"LN, NN"
700,"LN, CN, NG, NE"
701,LN
702,"LN, CN, NN, CE"
703,"LN, LE"
704,"LN, CN, CG"
705,"LN, NN, NG"
706,"LN, CN"
707,"LN, NE"
708,"LN, CN, NN"
709,LN
710,"LN, CN, NG"
711,"LN, NN"
712,"LN, CN"
713,LN
714,"LN, CN, NN, NE, LG"
715,"LN, NG, CG, CE"
716,"LN, CN"
717,"LN, NN"
718,"LN, CN"
719,LN
720,"LN, CN, NN, NG"
721,"LN, NE"
722,"LN, CN, LE"
723,"LN, NN"
724,"LN, CN"
725,"LN, NG"
726,"LN, CN, NN, CG"
727,LN
728,"LN, CN, NE, CE"
729,"LN, NN"
730,"LN, CN, NG"
731,"LN, LG"
732,"LN, CN, NN"
733,LN
734,"LN, CN"
735,"LN, NN, NG, NE"
736,"LN, CN"
737,"LN, CG"
738,"LN, CN, NN"
739,LN
740,"LN, CN, NG"
741,"LN, NN, CE, LE"
742,"LN, CN, NE"
743,LN
744,"LN, CN, NN"
745,"LN, NG"
746,"LN, CN"
747,"LN, NN"
748,"LN, CN, CG, LG"
749,"LN, NE"
750,"LN, CN, NN, NG"
751,LN
752,"LN, CN"
753,"LN, NN"
754,"LN, CN, CE"
755,"LN, NG"
756,"LN, CN, NN, NE"
757,LN
758,"LN, CN"
759,"LN, NN, CG"
760,"LN, CN, NG, LE"
761,LN
762,"LN, CN, NN"
763,"LN, NE"
764,"LN, CN"
765,"LN, NN, NG, LG"
766,"LN, CN"
767,"LN, CE"
768,"LN, CN, NN"
769,LN
770,"LN, CN, NG, NE, CG"
771,"LN, NN"
772,"LN, CN"
773,LN
774,"LN, CN, NN"
775,"LN, NG"
776,"LN, CN"
777,"LN, NN, NE"
778,"LN, CN"
779,"LN, LE"
780,"LN, CN, NN, NG, CE"
781,"LN, CG"
782,"LN, CN, LG"
783,"LN, NN"
784,"LN, CN, NE"
785,"LN, NG"
786,"LN, CN, NN"
787,LN
788,"LN, CN"
789,"LN, NN"
790,"LN, CN, NG"
791,"LN, NE"
792,"LN, CN, NN, CG"
793,"LN, CE"
794,"LN, CN"
795,"LN, NN, NG"
796,"LN, CN"
797,LN
798,"LN, CN, NN, NE, LE"
799,"LN, LG"
800,"LN, CN, NG"
801,"LN, NN"
802,"LN, CN"
803,"LN, CG"
804,"LN, CN, NN"
805,"LN, NG, NE"
806,"LN, CN, CE"
807,"LN, NN"
808,"LN, CN"
809,LN
810,"LN, CN, NN, NG"
811,LN
812,"LN, CN, NE"
813,"LN, NN"
814,"LN, CN, CG"
815,"LN, NG"
816,"LN, CN, NN, LG"
817,"LN, LE"
818,"LN, CN"
819,"LN, NN, NE, CE"
820,"LN, CN, NG"
821,LN
822,"LN, CN, NN"
823,LN
824,"LN, CN"
825,"LN, NN, NG, CG"
826,"LN, CN, NE"
827,LN
828,"LN, CN, NN"
829,LN
830,"LN, CN, NG"
831,"LN, NN"
832,"LN, CN, CE"
833,"LN, NE, LG"
834,"LN, CN, NN"
835,"LN, NG"
836,"LN, CN, CG, LE"
837,"LN, NN"
838,"LN, CN"
839,LN
840,"LN, CN, NN, NG, NE"
841,LN
842,"LN, CN"
843,"LN, NN"
844,"LN, CN"
845,"LN, NG, CE"
846,"LN, CN, NN"
847,"LN, NE, CG"
848,"LN, CN"
849,"LN, NN"
850,"LN, CN, NG, LG"
851,LN
852,"LN, CN, NN"
853,LN
854,"LN, CN, NE"
855,"LN, NN, NG, LE"
856,"LN, CN"
857,LN
858,"LN, CN, NN, CG, CE"
859,LN
860,"LN, CN, NG"
861,"LN, NN, NE"
862,"LN, CN"
863,LN
864,"LN, CN, NN"
865,"LN, NG"
866,"LN, CN"
867,"LN, NN, LG"
868,"LN, CN, NE"
869,"LN, CG"
870,"LN, CN, NN, NG"
871,"LN, CE"
872,"LN, CN"
873,"LN, NN"
874,"LN, CN, LE"
875,"LN, NG, NE"
876,"LN, CN, NN"
877,LN
878,"LN, CN"
879,"LN, NN"
880,"LN, CN, NG, CG"
881,LN
882,"LN, CN, NN, NE"
883,LN
884,"LN, CN, CE, LG"
885,"LN, NN, NG"
886,"LN, CN"
887,LN
888,"LN, CN, NN"
889,"LN, NE"
890,"LN, CN, NG"
891,"LN, NN, CG"
892,"LN, CN"
893,"LN, LE"
894,"LN, CN, NN"
895,"LN, NG"
896,"LN, CN, NE"
897,"LN, NN, CE"
898,"LN, CN"
899,LN
900,"LN, CN, NN, NG"
901,"LN, LG"
902,"LN, CN, CG"
903,"LN, NN, NE"
904,"LN, CN"
905,"LN, NG"
906,"LN, CN, NN"
907,LN
908,"LN, CN"
909,"LN, NN"
910,"LN, CN, NG, NE, CE"
911,LN
912,"LN, CN, NN, LE"
913,"LN, CG"
914,"LN, CN"
915,"LN, NN, NG"
916,"LN, CN"
917,"LN, NE"
918,"LN, CN, NN, LG"
919,LN
920,"LN, CN, NG"
921,"LN, NN"
922,"LN, CN"
923,"LN, CE"
924,"LN, CN, NN, NE, CG"
925,"LN, NG"
926,"LN, CN"
927,"LN, NN"
928,"LN, CN"
929,LN
930,"LN, CN, NN, NG"
931,"LN, NE, LE"
932,"LN, CN"
933,"LN, NN"
934,"LN, CN"
935,"LN, NG, CG, LG"
936,"LN, CN, NN, CE"
937,LN
938,"LN, CN, NE"
939,"LN, NN"
940,"LN, CN, NG"
941,LN
942,"LN, CN, NN"
943,LN
944,"LN, CN"
945,"LN, NN, NG, NE"
946,"LN, CN, CG"
947,LN
948,"LN, CN, NN"
949,"LN, CE"
950,"LN, CN, NG, LE"
951,"LN, NN"
952,"LN, CN, NE, LG"
953,LN
954,"LN, CN, NN"
955,"LN, NG"
956,"LN, CN"
957,"LN, NN, CG"
958,"LN, CN"
959,"LN, NE"
960,"LN, CN, NN, NG"
961,LN
962,"LN, CN, CE"
963,"LN, NN"
964,"LN, CN"
965,"LN, NG"
966,"LN, CN, NN, NE"
967,LN
968,"LN, CN, CG"
969,"LN, NN, LG, LE"
970,"LN, CN, NG"
971,LN
972,"LN, CN, NN"
973,"LN, NE"
974,"LN, CN"
975,"LN, NN, NG, CE"
976,"LN, CN"
977,LN
978,"LN, CN, NN"
979,"LN, CG"
980,"LN, CN, NG, NE"
981,"LN, NN"
982,"LN, CN"
983,LN
984,"LN, CN, NN"
985,"LN, NG"
986,"LN, CN, LG"
987,"LN, NN, NE"
988,"LN, CN, CE, LE"
989,LN
990,"LN, CN, NN, NG, CG"
991,LN
992,"LN, CN"
993,"LN, NN"
994,"LN, CN, NE"
995,"LN, NG"
996,"LN, CN, NN"
997,LN
998,"LN, CN"
999,"LN, NN"
1000,"LN, CN, NG"
1001,"LN, NE, CG, CE"
1002,"LN, CN, NN"
1003,"LN, LG"
1004,"LN, CN"
1005,"LN, NN, NG"
1006,"LN, CN"
1007,"LN, LE"
1008,"LN, CN, NN, NE"
1009,LN
1010,"LN, CN, NG"
1011,"LN, NN"
1012,"LN, CN, CG"
1013,LN
1014,"LN, CN, NN, CE"
1015,"LN, NG, NE"
1016,"LN, CN"
1017,"LN, NN"
1018,"LN, CN"
1019,LN
1020,"LN, CN, NN, NG, LG"
1021,LN
1022,"LN, CN, NE"
1023,"LN, NN, CG"
1024,"LN, CN"
1025,"LN, NG"
1026,"LN, CN, NN, LE"
1027,"LN, CE"
1028,"LN, CN"
1029,"LN, NN, NE"
1030,"LN, CN, NG"
1031,LN
1032,"LN, CN, NN"
1033,LN
1034,"LN, CN, CG"
1035,"LN, NN, NG"
1036,"LN, CN, NE"
1037,"LN, LG"
1038,"LN, CN, NN"
1039,LN
1040,"LN, CN, NG, CE"
1041,"LN, NN"
1042,"LN, CN"
1043,"LN, NE"
1044,"LN, CN, NN"
1045,"LN, NG, CG, LE"
1046,"LN, CN"
1047,"LN, NN"
1048,"LN, CN"
1049,LN
1050,"LN, CN, NN, NG, NE"
1051,LN
1052,"LN, CN"
1053,"LN, NN, CE"
1054,"LN, CN, LG"
1055,"LN, NG"
1056,"LN, CN, NN, CG"
1057,"LN, NE"
1058,"LN, CN"
1059,"LN, NN"
1060,"LN, CN, NG"
1061,LN
1062,"LN, CN, NN"
1063,LN
1064,"LN, CN, NE, LE"
1065,"LN, NN, NG"
1066,"LN, CN, CE"
1067,"LN, CG"
1068,"LN, CN, NN"
1069,LN
1070,"LN, CN, NG"
1071,"LN, NN, NE, LG"
1072,"LN, CN"
1073,LN
1074,"LN, CN, NN"
1075,"LN, NG"
1076,"LN, CN"
1077,"LN, NN"
1078,"LN, CN, NE, CG"
1079,"LN, CE"
1080,"LN, CN, NN, NG"
1081,LN
1082,"LN, CN"
1083,"LN, NN, LE"
1084,"LN, CN"
1085,"LN, NG, NE"
1086,"LN, CN, NN"
1087,LN
1088,"LN, CN, LG"
1089,"LN, NN, CG"
1090,"LN, CN, NG"
1091,LN
1092,"LN, CN, NN, NE, CE"
1093,LN
1094,"LN, CN"
1095,"LN, NN, NG"
1096,"LN, CN"
1097,LN
1098,"LN, CN, NN"
1099,"LN, NE"
1100,"LN, CN, NG, CG"
1101,"LN, NN"
1102,"LN, CN, LE"
1103,LN
1104,"LN, CN, NN"
1105,"LN, NG, CE, LG"
1106,"LN, CN, NE"
1107,"LN, NN"
1108,"LN, CN"
1109,LN
1110,"LN, CN, NN, NG"
1111,"LN, CG"
1112,"LN, CN"
1113,"LN, NN, NE"
1114,"LN, CN"
1115,"LN, NG"
1116,"LN, CN, NN"
1117,LN
1118,"LN, CN, CE"
1119,"LN, NN"
1120,"LN, CN, NG, NE"
1121,"LN, LE"
1122,"LN, CN, NN, CG, LG"
1123,LN
1124,"LN, CN"
1125,"LN, NN, NG"
1126,"LN, CN"
1127,"LN, NE"
1128,"LN, CN, NN"
1129,LN
1130,"LN, CN, NG"
1131,"LN, NN, CE"
1132,"LN, CN"
1133,"LN, CG"
1134,"LN, CN, NN, NE"
1135,"LN, NG"
1136,"LN, CN"
1137,"LN, NN"
1138,"LN, CN"
1139,"LN, LG"
1140,"LN, CN, NN, NG, LE"
1141,"LN, NE"
1142,"LN, CN"
1143,"LN, NN"
1144,"LN, CN, CG, CE"
1145,"LN, NG"
1146,"LN, CN, NN"
1147,LN
1148,"LN, CN, NE"
1149,"LN, NN"
1150,"LN, CN, NG"
1151,LN
1152,"LN, CN, NN"
1153,LN
1154,"LN, CN"
1155,"LN, NN, NG, NE, CG"
1156,"LN, CN, LG"
1157,"LN, CE"
1158,"LN, CN, NN"
1159,"LN, LE"
1160,"LN, CN, NG"
1161,"LN, NN"
1162,"LN, CN, NE"
1163,LN
1164,"LN, CN, NN"
1165,"LN, NG"
1166,"LN, CN, CG"
1167,"LN, NN"
1168,"LN, CN"
1169,"LN, NE"
1170,"LN, CN, NN, NG, CE"
1171,LN
1172,"LN, CN"
1173,"LN, NN, LG"
1174,"LN, CN"
1175,"LN, NG"
1176,"LN, CN, NN, NE"
1177,"LN, CG"
1178,"LN, CN, LE"
1179,"LN, NN"
1180,"LN, CN, NG"
1181,LN
1182,"LN, CN, NN"
1183,"LN, NE, CE"
1184,"LN, CN"
1185,"LN, NN, NG"
1186,"LN, CN"
1187,LN
1188,"LN, CN, NN, CG"
1189,LN
1190,"LN, CN, NG, NE, LG"
1191,"LN, NN"
1192,"LN, CN"
1193,LN
1194,"LN, CN, NN"
1195,"LN, NG"
1196,"LN, CN, CE"
1197,"LN, NN, NE, LE"
1198,"LN, CN"
1199,"LN, CG"
1200,"LN, CN, NN, NG"
1201,LN
1202,"LN, CN"
1203,"LN, NN"
1204,"LN, CN, NE"
1205,"LN, NG"
1206,"LN, CN, NN"
1207,"LN, LG"
1208,"LN, CN"
1209,"LN, NN, CE"
1210,"LN, CN, NG, CG"
1211,"LN, NE"
1212,"LN, CN, NN"
1213,LN
1214,"LN, CN"
1215,"LN, NN, NG"
1216,"LN, CN, LE"
1217,LN
1218,"LN, CN, NN, NE"
1219,LN
1220,"LN, CN, NG"
1221,"LN, NN, CG"
1222,"LN, CN, CE"
1223,LN
1224,"LN, CN, NN, LG"
1225,"LN, NG, NE"
1226,"LN, CN"
1227,"LN, NN"
1228,"LN, CN"
1229,LN
1230,"LN, CN, NN, NG"
1231,LN
1232,"LN, CN, NE, CG"
1233,"LN, NN"
1234,"LN, CN"
1235,"LN, NG, CE, LE"
1236,"LN, CN, NN"
1237,LN
1238,"LN, CN"
1239,"LN, NN, NE"
1240,"LN, CN, NG"
1241,"LN, LG"
1242,"LN, CN, NN"
1243,"LN, CG"
1244,"LN, CN"
1245,"LN, NN, NG"
1246,"LN, CN, NE"
1247,LN
1248,"LN, CN, NN, CE"
1249,LN
1250,"LN, CN, NG"
1251,"LN, NN"
1252,"LN, CN"
1253,"LN, NE"
1254,"LN, CN, NN, CG, LE"
1255,"LN, NG"
1256,"LN, CN"
1257,"LN, NN"
1258,"LN, CN, LG"
1259,LN
1260,"LN, CN, NN, NG, NE"
1261,"LN, CE"
1262,"LN, CN"
1263,"LN, NN"
1264,"LN, CN"
1265,"LN, NG, CG"
1266,"LN, CN, NN"
1267,"LN, NE"
1268,"LN, CN"
1269,"LN, NN"
1270,"LN, CN, NG"
1271,LN
1272,"LN, CN, NN"
1273,"LN, LE"
1274,"LN, CN, NE, CE"
1275,"LN, NN, NG, LG"
1276,"LN, CN, CG"
1277,LN
1278,"LN, CN, NN"
1279,LN
1280,"LN, CN, NG"
1281,"LN, NN, NE"
1282,"LN, CN"
1283,LN
1284,"LN, CN, NN"
1285,"LN, NG"
1286,"LN, CN"
1287,"LN, NN, CG, CE"
1288,"LN, CN, NE"
1289,LN
1290,"LN, CN, NN, NG"
1291,LN
1292,"LN, CN, LG, LE"
1293,"LN, NN"
1294,"LN, CN"
1295,"LN, NG, NE"
1296,"LN, CN, NN"
1297,LN
1298,"LN, CN, CG"
1299,"LN, NN"
1300,"LN, CN, NG, CE"
1301,LN
1302,"LN, CN, NN, NE"
1303,LN
1304,"LN, CN"
1305,"LN, NN, NG"
1306,"LN, CN"
1307,LN
1308,"LN, CN, NN"
1309,"LN, NE, CG, LG"
1310,"LN, CN, NG"
1311,"LN, NN, LE"
1312,"LN, CN"
1313,"LN, CE"
1314,"LN, CN, NN"
1315,"LN, NG"
1316,"LN, CN, NE"
1317,"LN, NN"
1318,"LN, CN"
1319,LN
1320,"LN, CN, NN, NG, CG"
1321,LN
1322,"LN, CN"
1323,"LN, NN, NE"
1324,"LN, CN"
1325,"LN, NG"
1326,"LN, CN, NN, CE, LG"
1327,LN
1328,"LN, CN"
1329,"LN, NN"
1330,"LN, CN, NG, NE, LE"
1331,"LN, CG"
1332,"LN, CN, NN"
1333,LN
1334,"LN, CN"
1335,"LN, NN, NG"
1336,"LN, CN"
1337,"LN, NE"
1338,"LN, CN, NN"
1339,"LN, CE"
1340,"LN, CN, NG"
1341,"LN, NN"
1342,"LN, CN, CG"
1343,"LN, LG"
1344,"LN, CN, NN, NE"
1345,"LN, NG"
1346,"LN, CN"
1347,"LN, NN"
1348,"LN, CN"
1349,"LN, LE"
1350,"LN, CN, NN, NG"
1351,"LN, NE"
1352,"LN, CN, CE"
1353,"LN, NN, CG"
1354,"LN, CN"
1355,"LN, NG"
1356,"LN, CN, NN"
1357,LN
1358,"LN, CN, NE"
1359,"LN, NN"
1360,"LN, CN, NG, LG"
1361,LN
1362,"LN, CN, NN"
1363,LN
1364,"LN, CN, CG"
1365,"LN, NN, NG, NE, CE"
1366,"LN, CN"
1367,LN
1368,"LN, CN, NN, LE"
1369,LN
1370,"LN, CN, NG"
1371,"LN, NN"
1372,"LN, CN, NE"
1373,LN
1374,"LN, CN, NN"
1375,"LN, NG, CG"
1376,"LN, CN"
1377,"LN, NN, LG"
1378,"LN, CN, CE"
1379,"LN, NE"
1380,"LN, CN, NN, NG"
1381,LN
1382,"LN, CN"
1383,"LN, NN"
1384,"LN, CN"
1385,"LN, NG"
1386,"LN, CN, NN, NE, CG"
1387,"LN, LE"
1388,"LN, CN"
1389,"LN, NN"
1390,"LN, CN, NG"
1391,"LN, CE"
1392,"LN, CN, NN"
1393,"LN, NE"
1394,"LN, CN, LG"
1395,"LN, NN, NG"
1396,"LN, CN"
1397,"LN, CG"
1398,"LN, CN, NN"
1399,LN
1400,"LN, CN, NG, NE"
1401,"LN, NN"
1402,"LN, CN"
1403,LN
1404,"LN, CN, NN, CE"
1405,"LN, NG"
1406,"LN, CN, LE"
1407,"LN, NN, NE"
1408,"LN, CN, CG"
1409,LN
1410,"LN, CN, NN, NG"
1411,"LN, LG"
1412,"LN, CN"
1413,"LN, NN"
1414,"LN, CN, NE"
1415,"LN, NG"
1416,"LN, CN, NN"
1417,"LN, CE"
1418,"LN, CN"
1419,"LN, NN, CG"
1420,"LN, CN, NG"
1421,"LN, NE"
1422,"LN, CN, NN"
1423,LN
1424,"LN, CN"
1425,"LN, NN, NG, LE"
1426,"LN, CN"
1427,LN
1428,"LN, CN, NN, NE, LG"
1429,LN
1430,"LN, CN, NG, CG, CE"
1431,"LN, NN"
1432,"LN, CN"
1433,LN
1434,"LN, CN, NN"
1435,"LN, NG, NE"
1436,"LN, CN"
1437,"LN, NN"
1438,"LN, CN"
1439,LN
1440,"LN, CN, NN, NG"
1441,"LN, CG"
1442,"LN, CN, NE"
1443,"LN, NN, CE"
1444,"LN, CN, LE"
1445,"LN, NG, LG"
1446,"LN, CN, NN"
1447,LN
1448,"LN, CN"
1449,"LN, NN, NE"
1450,"LN, CN, NG"
1451,LN
1452,"LN, CN, NN, CG"
1453,LN
1454,"LN, CN"
1455,"LN, NN, NG"
1456,"LN, CN, NE, CE"
1457,LN
1458,"LN, CN, NN"
1459,LN
1460,"LN, CN, NG"
1461,"LN, NN"
1462,"LN, CN, LG"
1463,"LN, NE, CG, LE"
1464,"LN, CN, NN"
1465,"LN, NG"
1466,"LN, CN"
1467,"LN, NN"
1468,"LN, CN"
1469,"LN, CE"
1470,"LN, CN, NN, NG, NE"
1471,LN
1472,"LN, CN"
1473,"LN, NN"
1474,"LN, CN, CG"
1475,"LN, NG"
1476,"LN, CN, NN"
1477,"LN, NE"
1478,"LN, CN"
1479,"LN, NN, LG"
1480,"LN, CN, NG"
1481,LN
1482,"LN, CN, NN, CE, LE"
1483,LN
1484,"LN, CN, NE"
1485,"LN, NN, NG, CG"
1486,"LN, CN"
1487,LN
1488,"LN, CN, NN"
1489,LN
1490,"LN, CN, NG"
1491,"LN, NN, NE"
1492,"LN, CN"
1493,LN
1494,"LN, CN, NN"
1495,"LN, NG, CE"
1496,"LN, CN, CG, LG"
1497,"LN, NN"
1498,"LN, CN, NE"
1499,LN
1500,"LN, CN, NN, NG"
1501,"LN, LE"
1502,"LN, CN"
1503,"LN, NN"
1504,"LN, CN"
1505,"LN, NG, NE"
1506,"LN, CN, NN"
1507,"LN, CG"
1508,"LN, CN, CE"
1509,"LN, NN"
1510,"LN, CN, NG"
1511,LN
1512,"LN, CN, NN, NE"
1513,"LN, LG"
1514,"LN, CN"
1515,"LN, NN, NG"
1516,"LN, CN"
1517,LN
1518,"LN, CN, NN, CG"
1519,"LN, NE"
1520,"LN, CN, NG, LE"
1521,"LN, NN, CE"
1522,"LN, CN"
1523,LN
1524,"LN, CN, NN"
1525,"LN, NG"
1526,"LN, CN, NE"
1527,"LN, NN"
1528,"LN, CN"
1529,"LN, CG"
1530,"LN, CN, NN, NG, LG"
1531,LN
1532,"LN, CN"
1533,"LN, NN, NE"
1534,"LN, CN, CE"
1535,"LN, NG"
1536,"LN, CN, NN"
1537,LN
1538,"LN, CN"
1539,"LN, NN, LE"
1540,"LN, CN, NG, NE, CG"
1541,LN
1542,"LN, CN, NN"
1543,LN
1544,"LN, CN"
1545,"LN, NN, NG"
1546,"LN, CN"
1547,"LN, NE, CE, LG"
1548,"LN, CN, NN"
1549,LN
1550,"LN, CN, NG"
1551,"LN, NN, CG"
1552,"LN, CN"
1553,LN
1554,"LN, CN, NN, NE"
1555,"LN, NG"
1556,"LN, CN"
1557,"LN, NN"
1558,"LN, CN, LE"
1559,LN
1560,"LN, CN, NN, NG, CE"
1561,"LN, NE"
1562,"LN, CN, CG"
1563,"LN, NN"
1564,"LN, CN, LG"
1565,"LN, NG"
1566,"LN, CN, NN"
1567,LN
1568,"LN, CN, NE"
1569,"LN, NN"
1570,"LN, CN, NG"
1571,LN
1572,"LN, CN, NN"
1573,"LN, CG, CE"
1574,"LN, CN"
1575,"LN, NN, NG, NE"
1576,"LN, CN"
1577,"LN, LE"
1578,"LN, CN, NN"
1579,LN
1580,"LN, CN, NG"
1581,"LN, NN, LG"
1582,"LN, CN, NE"
1583,LN
1584,"LN, CN, NN, CG"
1585,"LN, NG"
1586,"LN, CN, CE"
1587,"LN, NN"
1588,"LN, CN"
1589,"LN, NE"
1590,"LN, CN, NN, NG"
1591,LN
1592,"LN, CN"
1593,"LN, NN"
1594,"LN, CN"
1595,"LN, NG, CG"
1596,"LN, CN, NN, NE, LE"
1597,LN
1598,"LN, CN, LG"
1599,"LN, NN, CE"
1600,"LN, CN, NG"
1601,LN
1602,"LN, CN, NN"
1603,"LN, NE"
1604,"LN, CN"
1605,"LN, NN, NG"
1606,"LN, CN, CG"
1607,LN
1608,"LN, CN, NN"
1609,LN
1610,"LN, CN, NG, NE"
1611,"LN, NN"
1612,"LN, CN, CE"
1613,LN
1614,"LN, CN, NN"
1615,"LN, NG, LG, LE"
1616,"LN, CN"
1617,"LN, NN, NE, CG"
1618,"LN, CN"
1619,LN
1620,"LN, CN, NN, NG"
1621,LN
1622,"LN, CN"
1623,"LN, NN"
1624,"LN, CN, NE"
1625,"LN, NG, CE"
1626,"LN, CN, NN"
1627,LN
1628,"LN, CN, CG"
1629,"LN, NN"
1630,"LN, CN, NG"
1631,"LN, NE"
1632,"LN, CN, NN, LG"
1633,LN
1634,"LN, CN, LE"
1635,"LN, NN, NG"
1636,"LN, CN"
1637,LN
1638,"LN, CN, NN, NE, CE"
1639,"LN, CG"
1640,"LN, CN, NG"
1641,"LN, NN"
1642,"LN, CN"
1643,LN
1644,"LN, CN, NN"
1645,"LN, NG, NE"
1646,"LN, CN"
1647,"LN, NN"
1648,"LN, CN"
1649,"LN, LG"
1650,"LN, CN, NN, NG, CG"
1651,"LN, CE"
1652,"LN, CN, NE"
1653,"LN, NN, LE"
1654,"LN, CN"
1655,"LN, NG"
1656,"LN, CN, NN"
1657,LN
1658,"LN, CN"
1659,"LN, NN, NE"
1660,"LN, CN, NG"
1661,"LN, CG"
1662,"LN, CN, NN"
1663,LN
1664,"LN, CN, CE"
1665,"LN, NN, NG"
1666,"LN, CN, NE, LG"
1667,LN
1668,"LN, CN, NN"
1669,LN
1670,"LN, CN, NG"
1671,"LN, NN"
1672,"LN, CN, CG, LE"
1673,"LN, NE"
1674,"LN, CN, NN"
1675,"LN, NG"
1676,"LN, CN"
1677,"LN, NN, CE"
1678,"LN, CN"
1679,LN
1680,"LN, CN, NN, NG, NE"
1681,LN
1682,"LN, CN"
1683,"LN, NN, CG, LG"
1684,"LN, CN"
1685,"LN, NG"
1686,"LN, CN, NN"
1687,"LN, NE"
1688,"LN, CN"
1689,"LN, NN"
1690,"LN, CN, NG, CE"
1691,"LN, LE"
1692,"LN, CN, NN"
1693,LN
1694,"LN, CN, NE, CG"
1695,"LN, NN, NG"
1696,"LN, CN"
1697,LN
1698,"LN, CN, NN"
1699,LN
1700,"LN, CN, NG, LG"
1701,"LN, NN, NE"
1702,"LN, CN"
1703,"LN, CE"
1704,"LN, CN, NN"
1705,"LN, NG, CG"
1706,"LN, CN"
1707,"LN, NN"
1708,"LN, CN, NE"
1709,LN
1710,"LN, CN, NN, NG, LE"
1711,LN
1712,"LN, CN"
1713,"LN, NN"
1714,"LN, CN"
1715,"LN, NG, NE"
1716,"LN, CN, NN, CG, CE"
1717,"LN, LG"
1718,"LN, CN"
1719,"LN, NN"
1720,"LN, CN, NG"
1721,LN
1722,"LN, CN, NN, NE"
1723,LN
1724,"LN, CN"
1725,"LN, NN, NG"
1726,"LN, CN"
1727,"LN, CG"
1728,"LN, CN, NN"
1729,"LN, NE, CE, LE"
1730,"LN, CN, NG"
1731,"LN, NN"
1732,"LN, CN"
1733,LN
1734,"LN, CN, NN, LG"
1735,"LN, NG"
1736,"LN, CN, NE"
1737,"LN, NN"
1738,"LN, CN, CG"
1739,LN
1740,"LN, CN, NN, NG"
1741,LN
1742,"LN, CN, CE"
1743,"LN, NN, NE"
1744,"LN, CN"
1745,"LN, NG"
1746,"LN, CN, NN"
1747,LN
1748,"LN, CN, LE"
1749,"LN, NN, CG"
1750,"LN, CN, NG, NE"
1751,"LN, LG"
1752,"LN, CN, NN"
1753,LN
1754,"LN, CN"
1755,"LN, NN, NG, CE"
1756,"LN, CN"
1757,"LN, NE"
1758,"LN, CN, NN"
1759,LN
1760,"LN, CN, NG, CG"
1761,"LN, NN"
1762,"LN, CN"
1763,LN
1764,"LN, CN, NN, NE"
1765,"LN, NG"
1766,"LN, CN"
1767,"LN, NN, LE"
1768,"LN, CN, CE, LG"
1769,LN
1770,"LN, CN, NN, NG"
1771,"LN, NE, CG"
1772,"LN, CN"
1773,"LN, NN"
1774,"LN, CN"
1775,"LN, NG"
1776,"LN, CN, NN"
1777,LN
1778,"LN, CN, NE"
1779,"LN, NN"
1780,"LN, CN, NG"
1781,"LN, CE"
1782,"LN, CN, NN, CG"
1783,LN
1784,"LN, CN"
1785,"LN, NN, NG, NE, LG"
1786,"LN, CN, LE"
1787,LN
1788,"LN, CN, NN"
1789,LN
1790,"LN, CN, NG"
1791,"LN, NN"
1792,"LN, CN, NE"
1793,"LN, CG"
1794,"LN, CN, NN, CE"
1795,"LN, NG"
1796,"LN, CN"
1797,"LN, NN"
1798,"LN, CN"
1799,"LN, NE"
1800,"LN, CN, NN, NG"
1801,LN
1802,"LN, CN, LG"
1803,"LN, NN"
1804,"LN, CN, CG"
1805,"LN, NG, LE"
1806,"LN, CN, NN, NE"
1807,"LN, CE"
1808,"LN, CN"
1809,"LN, NN"
1810,"LN, CN, NG"
1811,LN
1812,"LN, CN, NN"
1813,"LN, NE"
1814,"LN, CN"
1815,"LN, NN, NG, CG"
1816,"LN, CN"
1817,LN
1818,"LN, CN, NN"
1819,"LN, LG"
1820,"LN, CN, NG, NE, CE"
1821,"LN, NN"
1822,"LN, CN"
1823,LN
1824,"LN, CN, NN, LE"
1825,"LN, NG"
1826,"LN, CN, CG"
1827,"LN, NN, NE"
1828,"LN, CN"
1829,LN
1830,"LN, CN, NN, NG"
1831,LN
1832,"LN, CN"
1833,"LN, NN, CE"
1834,"LN, CN, NE"
1835,"LN, NG"
1836,"LN, CN, NN, LG"
1837,"LN, CG"
1838,"LN, CN"
1839,"LN, NN"
1840,"LN, CN, NG"
1841,"LN, NE"
1842,"LN, CN, NN"
1843,"LN, LE"
1844,"LN, CN"
1845,"LN, NN, NG"
1846,"LN, CN, CE"
1847,LN
1848,"LN, CN, NN, NE, CG"
1849,LN
1850,"LN, CN, NG"
1851,"LN, NN"
1852,"LN, CN"
1853,"LN, LG"
1854,"LN, CN, NN"
1855,"LN, NG, NE"
1856,"LN, CN"
1857,"LN, NN"
1858,"LN, CN"
1859,"LN, CG, CE"
1860,"LN, CN, NN, NG"
1861,LN
1862,"LN, CN, NE, LE"
1863,"LN, NN"
1864,"LN, CN"
1865,"LN, NG"
1866,"LN, CN, NN"
1867,LN
1868,"LN, CN"
1869,"LN, NN, NE"
1870,"LN, CN, NG, CG, LG"
1871,LN
1872,"LN, CN, NN, CE"
1873,LN
1874,"LN, CN"
1875,"LN, NN, NG"
1876,"LN, CN, NE"
1877,LN
1878,"LN, CN, NN"
1879,LN
1880,"LN, CN, NG"
1881,"LN, NN, CG, LE"
1882,"LN, CN"
1883,"LN, NE"
1884,"LN, CN, NN"
1885,"LN, NG, CE"
1886,"LN, CN"
1887,"LN, NN, LG"
1888,"LN, CN"
1889,LN
1890,"LN, CN, NN, NG, NE"
1891,LN
1892,"LN, CN, CG"
1893,"LN, NN"
1894,"LN, CN"
1895,"LN, NG"
1896,"LN, CN, NN"
1897,"LN, NE"
1898,"LN, CN, CE"
1899,"LN, NN"
1900,"LN, CN, NG, LE"
1901,LN
1902,"LN, CN, NN"
1903,"LN, CG"
1904,"LN, CN, NE, LG"
1905,"LN, NN, NG"
1906,"LN, CN"
1907,LN
1908,"LN, CN, NN"
1909,LN
1910,"LN, CN, NG"
1911,"LN, NN, NE, CE"
1912,"LN, CN"
1913,LN
1914,"LN, CN, NN, CG"
1915,"LN, NG"
1916,"LN, CN"
1917,"LN, NN"
1918,"LN, CN, NE"
1919,"LN, LE"
1920,"LN, CN, NN, NG"
1921,"LN, LG"
1922,"LN, CN"
1923,"LN, NN"
1924,"LN, CN, CE"
1925,"LN, NG, NE, CG"
1926,"LN, CN, NN"
1927,LN
1928,"LN, CN"
1929,"LN, NN"
1930,"LN, CN, NG"
1931,LN
1932,"LN, CN, NN, NE"
1933,LN
1934,"LN, CN"
1935,"LN, NN, NG"
1936,"LN, CN, CG"
1937,"LN, CE"
1938,"LN, CN, NN, LG, LE"
1939,"LN, NE"
1940,"LN, CN, NG"
1941,"LN, NN"
1942,"LN, CN"
1943,LN
1944,"LN, CN, NN"
1945,"LN, NG"
1946,"LN, CN, NE"
1947,"LN, NN, CG"
1948,"LN, CN"
1949,LN
1950,"LN, CN, NN, NG, CE"
1951,LN
1952,"LN, CN"
1953,"LN, NN, NE"
1954,"LN, CN"
1955,"LN, NG, LG"
1956,"LN, CN, NN"
1957,"LN, LE"
1958,"LN, CN, CG"
1959,"LN, NN"
1960,"LN, CN, NG, NE"
1961,LN
1962,"LN, CN, NN"
1963,"LN, CE"
1964,"LN, CN"
1965,"LN, NN, NG"
1966,"LN, CN"
1967,"LN, NE"
1968,"LN, CN, NN"
1969,"LN, CG"
1970,"LN, CN, NG"
1971,"LN, NN"
1972,"LN, CN, LG"
1973,LN
1974,"LN, CN, NN, NE"
1975,"LN, NG"
1976,"LN, CN, CE, LE"
1977,"LN, NN"
1978,"LN, CN"
1979,LN
1980,"LN, CN, NN, NG, CG"
1981,"LN, NE"
1982,"LN, CN"
1983,"LN, NN"
1984,"LN, CN"
1985,"LN, NG"
1986,"LN, CN, NN"
1987,LN
1988,"LN, CN, NE"
1989,"LN, NN, CE, LG"
1990,"LN, CN, NG"
1991,"LN, CG"
1992,"LN, CN, NN"
1993,LN
1994,"LN, CN"
1995,"LN, NN, NG, NE, LE"
1996,"LN, CN"
1997,LN
1998,"LN, CN, NN"
1999,LN
2000,"LN, CN, NG"
2001,"LN, NN"
2002,"LN, CN, NE, CG, CE"
2003,LN
2004,"LN, CN, NN"
2005,"LN, NG"
2006,"LN, CN, LG"
2007,"LN, NN"
2008,"LN, CN"
2009,"LN, NE"
2010,"LN, CN, NN, NG"
2011,LN
2012,"LN, CN"
2013,"LN, NN, CG"
2014,"LN, CN, LE"
2015,"LN, NG, CE"
2016,"LN, CN, NN, NE"
2017,LN
2018,"LN, CN"
2019,"LN, NN"
2020,"LN, CN, NG"
2021,LN
2022,"LN, CN, NN"
2023,"LN, NE, LG"
2024,"LN, CN, CG"
2025,"LN, NN, NG"
2026,"LN, CN"
2027,LN
2028,"LN, CN, NN, CE"
2029,LN
2030,"LN, CN, NG, NE"
2031,"LN, NN"
2032,"LN, CN"
2033,"LN, LE"
2034,"LN, CN, NN"
2035,"LN, NG, CG"
2036,"LN, CN"
2037,"LN, NN, NE"
2038,"LN, CN"
2039,LN
2040,"LN, CN, NN, NG, LG"
2041,"LN, CE"
2042,"LN, CN"
2043,"LN, NN"
2044,"LN, CN, NE"
2045,"LN, NG"
2046,"LN, CN, NN, CG"
2047,LN
2048,"LN, CN"
2049,"LN, NN"
2050,"LN, CN, NG"
2051,"LN, NE"
2052,"LN, CN, NN, LE"
2053,LN
2054,"LN, CN, CE"
2055,"LN, NN, NG"
2056,"LN, CN"
2057,"LN, CG, LG"
2058,"LN, CN, NN, NE"
2059,LN
2060,"LN, CN, NG"
2061,"LN, NN"
2062,"LN, CN"
2063,LN
2064,"LN, CN, NN"
2065,"LN, NG, NE"
2066,"LN, CN"
2067,"LN, NN, CE"
2068,"LN, CN, CG"
2069,LN
2070,"LN, CN, NN, NG"
2071,"LN, LE"
2072,"LN, CN, NE"
2073,"LN, NN"
2074,"LN, CN, LG"
2075,"LN, NG"
2076,"LN, CN, NN"
2077,LN
2078,"LN, CN"
2079,"LN, NN, NE, CG"
2080,"LN, CN, NG, CE"
2081,LN
2082,"LN, CN, NN"
2083,LN
2084,"LN, CN"
2085,"LN, NN, NG"
2086,"LN, CN, NE"
2087,LN
2088,"LN, CN, NN"
2089,LN
2090,"LN, CN, NG, CG, LE"
2091,"LN, NN, LG"
2092,"LN, CN"
2093,"LN, NE, CE"
2094,"LN, CN, NN"
2095,"LN, NG"
2096,"LN, CN"
2097,"LN, NN"
2098,"LN, CN"
2099,LN
2100,"LN, CN, NN, NG, NE"
2101,"LN, CG"
2102,"LN, CN"
2103,"LN, NN"
2104,"LN, CN"
2105,"LN, NG"
2106,"LN, CN, NN, CE"
2107,"LN, NE"
2108,"LN, CN, LG"
2109,"LN, NN, LE"
2110,"LN, CN, NG"
2111,LN
2112,"LN, CN, NN, CG"
2113,LN
2114,"LN, CN, NE"
2115,"LN, NN, NG"
2116,"LN, CN"
2117,LN
2118,"LN, CN, NN"
2119,"LN, CE"
2120,"LN, CN, NG"
2121,"LN, NN, NE"
2122,"LN, CN"
2123,"LN, CG"
2124,"LN, CN, NN"
2125,"LN, NG, LG"
2126,"LN, CN"
2127,"LN, NN"
2128,"LN, CN, NE, LE"
2129,LN
2130,"LN, CN, NN, NG"
2131,LN
2132,"LN, CN, CE"
2133,"LN, NN"
2134,"LN, CN, CG"
2135,"LN, NG, NE"
2136,"LN, CN, NN"
2137,LN
2138,"LN, CN"
2139,"LN, NN"
2140,"LN, CN, NG"
2141,LN
2142,"LN, CN, NN, NE, LG"
2143,LN
2144,"LN, CN"
2145,"LN, NN, NG, CG, CE"
2146,"LN, CN"
2147,"LN, LE"
2148,"LN, CN, NN"
2149,"LN, NE"
2150,"LN, CN, NG"
2151,"LN, NN"
2152,"LN, CN"
2153,LN
2154,"LN, CN, NN"
2155,"LN, NG"
2156,"LN, CN, NE, CG"
2157,"LN, NN"
2158,"LN, CN, CE"
2159,"LN, LG"
2160,"LN, CN, NN, NG"
2161,LN
2162,"LN, CN"
2163,"LN, NN, NE"
2164,"LN, CN"
2165,"LN, NG"
2166,"LN, CN, NN, LE"
2167,"LN, CG"
2168,"LN, CN"
2169,"LN, NN"
2170,"LN, CN, NG, NE"
2171,"LN, CE"
2172,"LN, CN, NN"
2173,LN
2174,"LN, CN"
2175,"LN, NN, NG"
2176,"LN, CN, LG"
2177,"LN, NE"
2178,"LN, CN, NN, CG"
2179,LN
2180,"LN, CN, NG"
2181,"LN, NN"
2182,"LN, CN"
2183,LN
2184,"LN, CN, NN, NE, CE"
2185,"LN, NG, LE"
2186,"LN, CN"
2187,"LN, NN"
2188,"LN, CN"
2189,"LN, CG"
2190,"LN, CN, NN, NG"
2191,"LN, NE"
2192,"LN, CN"
2193,"LN, NN, LG"
2194,"LN, CN"
2195,"LN, NG"
2196,"LN, CN, NN"
2197,"LN, CE"
2198,"LN, CN, NE"
2199,"LN, NN"
2200,"LN, CN, NG, CG"
2201,LN
2202,"LN, CN, NN"
2203,LN
2204,"LN, CN, LE"
2205,"LN, NN, NG, NE"
2206,"LN, CN"
2207,LN
2208,"LN, CN, NN"
2209,LN
2210,"LN, CN, NG, CE, LG"
2211,"LN, NN, CG"
2212,"LN, CN, NE"
2213,LN
2214,"LN, CN, NN"
2215,"LN, NG"
2216,"LN, CN"
2217,"LN, NN"
2218,"LN, CN"
2219,"LN, NE"
2220,"LN, CN, NN, NG"
2221,LN
2222,"LN, CN, CG"
2223,"LN, NN, CE, LE"
2224,"LN, CN"
2225,"LN, NG"
2226,"LN, CN, NN, NE"
2227,"LN, LG"
2228,"LN, CN"
2229,"LN, NN"
2230,"LN, CN, NG"
2231,LN
2232,"LN, CN, NN"
2233,"LN, NE, CG"
2234,"LN, CN"
2235,"LN, NN, NG"
2236,"LN, CN, CE"
2237,LN
2238,"LN, CN, NN"
2239,LN
2240,"LN, CN, NG, NE"
2241,"LN, NN"
2242,"LN, CN, LE"
2243,LN
2244,"LN, CN, NN, CG, LG"
2245,"LN, NG"
2246,"LN, CN"
2247,"LN, NN, NE"
2248,"LN, CN"
2249,"LN, CE"
2250,"LN, CN, NN, NG"
2251,LN
2252,"LN, CN"
2253,"LN, NN"
2254,"LN, CN, NE"
2255,"LN, NG, CG"
2256,"LN, CN, NN"
2257,LN
2258,"LN, CN"
2259,"LN, NN"
2260,"LN, CN, NG"
2261,"LN, NE, LG, LE"
2262,"LN, CN, NN, CE"
2263,LN
2264,"LN, CN"
2265,"LN, NN, NG"
2266,"LN, CN, CG"
2267,LN
2268,"LN, CN, NN, NE"
2269,LN
2270,"LN, CN, NG"
2271,"LN, NN"
2272,"LN, CN"
2273,LN
2274,"LN, CN, NN"
2275,"LN, NG, NE, CE"
2276,"LN, CN"
2277,"LN, NN, CG"
2278,"LN, CN, LG"
2279,LN
2280,"LN, CN, NN, NG, LE"
2281,LN
2282,"LN, CN, NE"
2283,"LN, NN"
2284,"LN, CN"
2285,"LN, NG"
2286,"LN, CN, NN"
2287,LN
2288,"LN, CN, CG, CE"
2289,"LN, NN, NE"
2290,"LN, CN, NG"
2291,LN
2292,"LN, CN, NN"
2293,LN
2294,"LN, CN"
2295,"LN, NN, NG, LG"
2296,"LN, CN, NE"
2297,LN
2298,"LN, CN, NN"
2299,"LN, CG, LE"
2300,"LN, CN, NG"
2301,"LN, NN, CE"
2302,"LN, CN"
2303,"LN, NE"
2304,"LN, CN, NN"
2305,"LN, NG"
2306,"LN, CN"
2307,"LN, NN"
2308,"LN, CN"
2309,LN
2310,"LN, CN, NN, NG, NE, CG"
2311,LN
2312,"LN, CN, LG"
2313,"LN, NN"
2314,"LN, CN, CE"
2315,"LN, NG"
2316,"LN, CN, NN"
2317,"LN, NE"
2318,"LN, CN, LE"
2319,"LN, NN"
2320,"LN, CN, NG"
2321,"LN, CG"
2322,"LN, CN, NN"
2323,LN
2324,"LN, CN, NE"
2325,"LN, NN, NG"
2326,"LN, CN"
2327,"LN, CE"
2328,"LN, CN, NN"
2329,"LN, LG"
2330,"LN, CN, NG"
2331,"LN, NN, NE"
2332,"LN, CN, CG"
2333,LN
2334,"LN, CN, NN"
2335,"LN, NG"
2336,"LN, CN"
2337,"LN, NN, LE"
2338,"LN, CN, NE"
2339,LN
2340,"LN, CN, NN, NG, CE"
2341,LN
2342,"LN, CN"
2343,"LN, NN, CG"
2344,"LN, CN"
2345,"LN, NG, NE"
2346,"LN, CN, NN, LG"
2347,LN
2348,"LN, CN"
2349,"LN, NN"
2350,"LN, CN, NG"
2351,LN
2352,"LN, CN, NN, NE"
2353,"LN, CE"
2354,"LN, CN, CG"
2355,"LN, NN, NG"
2356,"LN, CN, LE"
2357,LN
2358,"LN, CN, NN"
2359,"LN, NE"
2360,"LN, CN, NG"
2361,"LN, NN"
2362,"LN, CN"
2363,"LN, LG"
2364,"LN, CN, NN"
2365,"LN, NG, CG"
2366,"LN, CN, NE, CE"
2367,"LN, NN"
2368,"LN, CN"
2369,LN
2370,"LN, CN, NN, NG"
2371,LN
2372,"LN, CN"
2373,"LN, NN, NE"
2374,"LN, CN"
2375,"LN, NG, LE"
2376,"LN, CN, NN, CG"
2377,LN
2378,"LN, CN"
2379,"LN, NN, CE"
2380,"LN, CN, NG, NE, LG"
2381,LN
2382,"LN, CN, NN"
2383,LN
2384,"LN, CN"
2385,"LN, NN, NG"
2386,"LN, CN"
2387,"LN, NE, CG"
2388,"LN, CN, NN"
2389,LN
2390,"LN, CN, NG"
2391,"LN, NN"
2392,"LN, CN, CE"
2393,LN
2394,"LN, CN, NN, NE, LE"
2395,"LN, NG"
2396,"LN, CN"
2397,"LN, NN, LG"
2398,"LN, CN, CG"
2399,LN
2400,"LN, CN, NN, NG"
2401,"LN, NE"
2402,"LN, CN"
2403,"LN, NN"
2404,"LN, CN"
2405,"LN, NG, CE"
2406,"LN, CN, NN"
2407,LN
2408,"LN, CN, NE"
2409,"LN, NN, CG"
2410,"LN, CN, NG"
2411,LN
2412,"LN, CN, NN"
2413,"LN, LE"
2414,"LN, CN, LG"
2415,"LN, NN, NG, NE"
2416,"LN, CN"
2417,LN
2418,"LN, CN, NN, CE"
2419,LN
2420,"LN, CN, NG, CG"
2421,"LN, NN"
2422,"LN, CN, NE"
2423,LN
2424,"LN, CN, NN"
2425,"LN, NG"
2426,"LN, CN"
2427,"LN, NN"
2428,"LN, CN"
2429,"LN, NE"
2430,"LN, CN, NN, NG"
2431,"LN, CG, CE, LG"
2432,"LN, CN, LE"
2433,"LN, NN"
2434,"LN, CN"
2435,"LN, NG"
2436,"LN, CN, NN, NE"
2437,LN
2438,"LN, CN"
2439,"LN, NN"
2440,"LN, CN, NG"
2441,LN
2442,"LN, CN, NN, CG"
2443,"LN, NE"
2444,"LN, CN, CE"
2445,"LN, NN, NG"
2446,"LN, CN"
2447,LN
2448,"LN, CN, NN, LG"
2449,LN
2450,"LN, CN, NG, NE"
2451,"LN, NN, LE"
2452,"LN, CN"
2453,"LN, CG"
2454,"LN, CN, NN"
2455,"LN, NG"
2456,"LN, CN"
2457,"LN, NN, NE, CE"
2458,"LN, CN"
2459,LN
2460,"LN, CN, NN, NG"
2461,LN
2462,"LN, CN"
2463,"LN, NN"
2464,"LN, CN, NE, CG"
2465,"LN, NG, LG"
2466,"LN, CN, NN"
2467,LN
2468,"LN, CN"
2469,"LN, NN"
2470,"LN, CN, NG, CE, LE"
2471,"LN, NE"
2472,"LN, CN, NN"
2473,LN
2474,"LN, CN"
2475,"LN, NN, NG, CG"
2476,"LN, CN"
2477,LN
2478,"LN, CN, NN, NE"
2479,LN
2480,"LN, CN, NG"
2481,"LN, NN"
2482,"LN, CN, LG"
2483,"LN, CE"
2484,"LN, CN, NN"
2485,"LN, NG, NE"
2486,"LN, CN, CG"
2487,"LN, NN"
2488,"LN, CN"
2489,"LN, LE"
2490,"LN, CN, NN, NG"
2491,LN
2492,"LN, CN, NE"
2493,"LN, NN"
2494,"LN, CN"
2495,"LN, NG"
2496,"LN, CN, NN, CE"
2497,"LN, CG"
2498,"LN, CN"
2499,"LN, NN, NE, LG"
2500,"LN, CN, NG"
2501,LN
2502,"LN, CN, NN"
2503,LN
2504,"LN, CN"
2505,"LN, NN, NG"
2506,"LN, CN, NE"
2507,LN
2508,"LN, CN, NN, CG, LE"
2509,"LN, CE"
2510,"LN, CN, NG"
2511,"LN, NN"
2512,"LN, CN"
2513,"LN, NE"
2514,"LN, CN, NN"
2515,"LN, NG"
2516,"LN, CN, LG"
2517,"LN, NN"
2518,"LN, CN"
2519,"LN, CG"
2520,"LN, CN, NN, NG, NE"
2521,LN
2522,"LN, CN, CE"
2523,"LN, NN"
2524,"LN, CN"
2525,"LN, NG"
2526,"LN, CN, NN"
2527,"LN, NE, LE"
2528,"LN, CN"
2529,"LN, NN"
2530,"LN, CN, NG, CG"
2531,LN
2532,"LN, CN, NN"
2533,"LN, LG"
2534,"LN, CN, NE"
2535,"LN, NN, NG, CE"
2536,"LN, CN"
2537,LN
2538,"LN, CN, NN"
2539,LN
2540,"LN, CN, NG"
2541,"LN, NN, NE, CG"
2542,"LN, CN"
2543,LN
2544,"LN, CN, NN"
2545,"LN, NG"
2546,"LN, CN, LE"
2547,"LN, NN"
2548,"LN, CN, NE, CE"
2549,LN
2550,"LN, CN, NN, NG, LG"
2551,LN
2552,"LN, CN, CG"
2553,"LN, NN"
2554,"LN, CN"
2555,"LN, NG, NE"
2556,"LN, CN, NN"
2557,LN
2558,"LN, CN"
2559,"LN, NN"
2560,"LN, CN, NG"
2561,"LN, CE"
2562,"LN, CN, NN, NE"
2563,"LN, CG"
2564,"LN, CN"
2565,"LN, NN, NG, LE"
2566,"LN, CN"
2567,"LN, LG"
2568,"LN, CN, NN"
2569,"LN, NE"
2570,"LN, CN, NG"
2571,"LN, NN"
2572,"LN, CN"
2573,LN
2574,"LN, CN, NN, CG, CE"
2575,"LN, NG"
2576,"LN, CN, NE"
2577,"LN, NN"
2578,"LN, CN"
2579,LN
2580,"LN, CN, NN, NG"
2581,LN
2582,"LN, CN"
2583,"LN, NN, NE"
2584,"LN, CN, LG, LE"
2585,"LN, NG, CG"
2586,"LN, CN, NN"
2587,"LN, CE"
2588,"LN, CN"
2589,"LN, NN"
2590,"LN, CN, NG, NE"
2591,LN
2592,"LN, CN, NN"
2593,LN
2594,"LN, CN"
2595,"LN, NN, NG"
2596,"LN, CN, CG"
2597,"LN, NE"
2598,"LN, CN, NN"
2599,LN
2600,"LN, CN, NG, CE"
2601,"LN, NN, LG"
2602,"LN, CN"
2603,"LN, LE"
2604,"LN, CN, NN, NE"
2605,"LN, NG"
2606,"LN, CN"
2607,"LN, NN, CG"
2608,"LN, CN"
2609,LN
2610,"LN, CN, NN, NG"
2611,"LN, NE"
2612,"LN, CN"
2613,"LN, NN, CE"
2614,"LN, CN"
2615,"LN, NG"
2616,"LN, CN, NN"
2617,LN
2618,"LN, CN, NE, CG, LG"
2619,"LN, NN"
2620,"LN, CN, NG"
2621,LN
2622,"LN, CN, NN, LE"
2623,LN
2624,"LN, CN"
2625,"LN, NN, NG, NE"
2626,"LN, CN, CE"
2627,LN
2628,"LN, CN, NN"
2629,"LN, CG"
2630,"LN, CN, NG"
2631,"LN, NN"
2632,"LN, CN, NE"
2633,LN
2634,"LN, CN, NN"
2635,"LN, NG, LG"
2636,"LN, CN"
2637,"LN, NN"
2638,"LN, CN"
2639,"LN, NE, CE"
2640,"LN, CN, NN, NG, CG"
2641,"LN, LE"
2642,"LN, CN"
2643,"LN, NN"
2644,"LN, CN"
2645,"LN, NG"
2646,"LN, CN, NN, NE"
2647,LN
2648,"LN, CN"
2649,"LN, NN"
2650,"LN, CN, NG"
2651,"LN, CG"
2652,"LN, CN, NN, CE, LG"
2653,"LN, NE"
2654,"LN, CN"
2655,"LN, NN, NG"
2656,"LN, CN"
2657,LN
2658,"LN, CN, NN"
2659,LN
2660,"LN, CN, NG, NE, LE"
2661,"LN, NN"
2662,"LN, CN, CG"
2663,LN
2664,"LN, CN, NN"
2665,"LN, NG, CE"
2666,"LN, CN"
2667,"LN, NN, NE"
2668,"LN, CN"
2669,"LN, LG"
2670,"LN, CN, NN, NG"
2671,LN
2672,"LN, CN"
2673,"LN, NN, CG"
2674,"LN, CN, NE"
2675,"LN, NG"
2676,"LN, CN, NN"
2677,LN
2678,"LN, CN, CE"
2679,"LN, NN, LE"
2680,"LN, CN, NG"
2681,"LN, NE"
2682,"LN, CN, NN"
2683,LN
2684,"LN, CN, CG"
2685,"LN, NN, NG"
2686,"LN, CN, LG"
2687,LN
2688,"LN, CN, NN, NE"
2689,LN
2690,"LN, CN, NG"
2691,"LN, NN, CE"
2692,"LN, CN"
2693,LN
2694,"LN, CN, NN"
2695,"LN, NG, NE, CG"
2696,"LN, CN"
2697,"LN, NN"
2698,"LN, CN, LE"
2699,LN
2700,"LN, CN, NN, NG"
2701,LN
2702,"LN, CN, NE"
2703,"LN, NN, LG"
2704,"LN, CN, CE"
2705,"LN, NG"
2706,"LN, CN, NN, CG"
2707,LN
2708,"LN, CN"
2709,"LN, NN, NE"
2710,"LN, CN, NG"
2711,LN
2712,"LN, CN, NN"
2713,LN
2714,"LN, CN"
2715,"LN, NN, NG"
2716,"LN, CN, NE"
2717,"LN, CG, CE, LE"
2718,"LN, CN, NN"
2719,LN
2720,"LN, CN, NG, LG"
2721,"LN, NN"
2722,"LN, CN"
2723,"LN, NE"
2724,"LN, CN, NN"
2725,"LN, NG"
2726,"LN, CN"
2727,"LN, NN"
2728,"LN, CN, CG"
2729,LN
2730,"LN, CN, NN, NG, NE, CE"
2731,LN
2732,"LN, CN"
2733,"LN, NN"
2734,"LN, CN"
2735,"LN, NG"
2736,"LN, CN, NN, LE"
2737,"LN, NE, LG"
2738,"LN, CN"
2739,"LN, NN, CG"
2740,"LN, CN, NG"
2741,LN
2742,"LN, CN, NN"
2743,"LN, CE"
2744,"LN, CN, NE"
2745,"LN, NN, NG"
2746,"LN, CN"
2747,LN
2748,"LN, CN, NN"
2749,LN
2750,"LN, CN, NG, CG"
2751,"LN, NN, NE"
2752,"LN, CN"
2753,LN
2754,"LN, CN, NN, LG"
2755,"LN, NG, LE"
2756,"LN, CN, CE"
2757,"LN, NN"
2758,"LN, CN, NE"
2759,LN
2760,"LN, CN, NN, NG"
2761,"LN, CG"
2762,"LN, CN"
2763,"LN, NN"
2764,"LN, CN"
2765,"LN, NG, NE"
2766,"LN, CN, NN"
2767,LN
2768,"LN, CN"
2769,"LN, NN, CE"
2770,"LN, CN, NG"
2771,"LN, LG"
2772,"LN, CN, NN, NE, CG"
2773,LN
2774,"LN, CN, LE"
2775,"LN, NN, NG"
2776,"LN, CN"
2777,LN
2778,"LN, CN, NN"
2779,"LN, NE"
2780,"LN, CN, NG"
2781,"LN, NN"
2782,"LN, CN, CE"
2783,"LN, CG"
2784,"LN, CN, NN"
2785,"LN, NG"
2786,"LN, CN, NE"
2787,"LN, NN"
2788,"LN, CN, LG"
2789,LN
2790,"LN, CN, NN, NG"
2791,LN
2792,"LN, CN"
2793,"LN, NN, NE, LE"
2794,"LN, CN, CG"
2795,"LN, NG, CE"
2796,"LN, CN, NN"
2797,LN
2798,"LN, CN"
2799,"LN, NN"
2800,"LN, CN, NG, NE"
2801,LN
2802,"LN, CN, NN"
2803,LN
2804,"LN, CN"
2805,"LN, NN, NG, CG, LG"
2806,"LN, CN"
2807,"LN, NE"
2808,"LN, CN, NN, CE"
2809,LN
2810,"LN, CN, NG"
2811,"LN, NN"
2812,"LN, CN, LE"
2813,LN
2814,"LN, CN, NN, NE"
2815,"LN, NG"
2816,"LN, CN, CG"
2817,"LN, NN"
2818,"LN, CN"
2819,LN
2820,"LN, CN, NN, NG"
2821,"LN, NE, CE"
2822,"LN, CN, LG"
2823,"LN, NN"
2824,"LN, CN"
2825,"LN, NG"
2826,"LN, CN, NN"
2827,"LN, CG"
2828,"LN, CN, NE"
2829,"LN, NN"
2830,"LN, CN, NG"
2831,"LN, LE"
2832,"LN, CN, NN"
2833,LN
2834,"LN, CN, CE"
2835,"LN, NN, NG, NE"
2836,"LN, CN"
2837,LN
2838,"LN, CN, NN, CG"
2839,"LN, LG"
2840,"LN, CN, NG"
2841,"LN, NN"
2842,"LN, CN, NE"
2843,LN
2844,"LN, CN, NN"
2845,"LN, NG"
2846,"LN, CN"
2847,"LN, NN, CE"
2848,"LN, CN"
2849,"LN, NE, CG"
2850,"LN, CN, NN, NG, LE"
2851,LN
2852,"LN, CN"
2853,"LN, NN"
2854,"LN, CN"
2855,"LN, NG"
2856,"LN, CN, NN, NE, LG"
2857,LN
2858,"LN, CN"
2859,"LN, NN"
2860,"LN, CN, NG, CG, CE"
2861,LN
2862,"LN, CN, NN"
2863,"LN, NE"
2864,"LN, CN"
2865,"LN, NN, NG"
2866,"LN, CN"
2867,LN
2868,"LN, CN, NN"
2869,"LN, LE"
2870,"LN, CN, NG, NE"
2871,"LN, NN, CG"
2872,"LN, CN"
2873,"LN, CE, LG"
2874,"LN, CN, NN"
2875,"LN, NG"
2876,"LN, CN"
2877,"LN, NN, NE"
2878,"LN, CN"
2879,LN
2880,"LN, CN, NN, NG"
2881,LN
2882,"LN, CN, CG"
2883,"LN, NN"
2884,"LN, CN, NE"
2885,"LN, NG"
2886,"LN, CN, NN, CE"
2887,LN
2888,"LN, CN, LE"
2889,"LN, NN"
2890,"LN, CN, NG, LG"
2891,"LN, NE"
2892,"LN, CN, NN"
2893,"LN, CG"
2894,"LN, CN"
2895,"LN, NN, NG"
2896,"LN, CN"
2897,LN
2898,"LN, CN, NN, NE"
2899,"LN, CE"
2900,"LN, CN, NG"
2901,"LN, NN"
2902,"LN, CN"
2903,LN
2904,"LN, CN, NN, CG"
2905,"LN, NG, NE"
2906,"LN, CN"
2907,"LN, NN, LG, LE"
2908,"LN, CN"
2909,LN
2910,"LN, CN, NN, NG"
2911,LN
2912,"LN, CN, NE, CE"
2913,"LN, NN"
2914,"LN, CN"
2915,"LN, NG, CG"
2916,"LN, CN, NN"
2917,LN
2918,"LN, CN"
2919,"LN, NN, NE"
2920,"LN, CN, NG"
2921,LN
2922,"LN, CN, NN"
2923,LN
2924,"LN, CN, LG"
2925,"LN, NN, NG, CE"
2926,"LN, CN, NE, CG, LE"
2927,LN
2928,"LN, CN, NN"
2929,LN
2930,"LN, CN, NG"
2931,"LN, NN"
2932,"LN, CN"
2933,"LN, NE"
2934,"LN, CN, NN"
2935,"LN, NG"
2936,"LN, CN"
2937,"LN, NN, CG"
2938,"LN, CN, CE"
2939,LN
2940,"LN, CN, NN, NG, NE"
2941,"LN, LG"
2942,"LN, CN"
2943,"LN, NN"
2944,"LN, CN"
2945,"LN, NG, LE"
2946,"LN, CN, NN"
2947,"LN, NE"
2948,"LN, CN, CG"
2949,"LN, NN"
2950,"LN, CN, NG"
2951,"LN, CE"
2952,"LN, CN, NN"
2953,LN
2954,"LN, CN, NE"
2955,"LN, NN, NG"
2956,"LN, CN"
2957,LN
2958,"LN, CN, NN, LG"
2959,"LN, CG"
2960,"LN, CN, NG"
2961,"LN, NN, NE"
2962,"LN, CN"
2963,LN
2964,"LN, CN, NN, CE, LE"
2965,"LN, NG"
2966,"LN, CN"
2967,"LN, NN"
2968,"LN, CN, NE"
2969,LN
2970,"LN, CN, NN, NG, CG"
2971,LN
2972,"LN, CN"
2973,"LN, NN"
2974,"LN, CN"
2975,"LN, NG, NE, LG"
2976,"LN, CN, NN"
2977,"LN, CE"
2978,"LN, CN"
2979,"LN, NN"
2980,"LN, CN, NG"
2981,"LN, CG"
2982,"LN, CN, NN, NE"
2983,"LN, LE"
2984,"LN, CN"
2985,"LN, NN, NG"
2986,"LN, CN"
2987,LN
2988,"LN, CN, NN"
2989,"LN, NE"
2990,"LN, CN, NG, CE"
2991,"LN, NN"
2992,"LN, CN, CG, LG"
2993,LN
2994,"LN, CN, NN"
2995,"LN, NG"
2996,"LN, CN, NE"
2997,"LN, NN"
2998,"LN, CN"
2999,LN
3000,"LN, CN, NN, NG"
